{
    "loss": 52.049034118652344,
    "accuracy": 0.3590342700481415
}