{
    "loss": 4.193550109863281,
    "accuracy": 0.6682242751121521
}