{
    "loss": 1.6752885580062866,
    "accuracy": 0.8177570104598999
}